,article_title,article_link,image_link(s),image_caption(s),classification(s)
0,article_title,article_link,image_link(s),image_caption(s),classification(s)
1,"There Were 2 Mass Shootings In Texas Last Week, But Only 1 On TV | HuffPost Latest News",https://www.huffingtonpost.com/entry/texas-amanda-painter-mass-shooting_us_5b081ab4e4b0802d69caad89,"Amanda Painter is the sole survivor of a May 16 shooting by her ex-husband, Justin Painter.",https://img.huffingtonpost.com/asset/5b081b101e00007d038e699f.jpeg?cache=DAfEABijGE&ops=scalefit_1280_noupscale,
2,"There Were 2 Mass Shootings In Texas Last Week, But Only 1 On TV | HuffPost Latest News",https://www.huffingtonpost.com/entry/texas-amanda-painter-mass-shooting_us_5b081ab4e4b0802d69caad89,"Donna Bloom, director of legal services at Denton County Friends of the Family, visits Amanda at the transitional housing.",https://img.huffingtonpost.com/asset/5b081d6c1e0000bf048e69a4.jpeg?ops=scalefit_1280_noupscale,
3,"There Were 2 Mass Shootings In Texas Last Week, But Only 1 On TV | HuffPost Latest News",https://www.huffingtonpost.com/entry/texas-amanda-painter-mass-shooting_us_5b081ab4e4b0802d69caad89,,https://img.huffingtonpost.com/asset/5b081c9f1e00007d038e69a3.jpeg?ops=scalefit_1280_noupscale,
4,"There Were 2 Mass Shootings In Texas Last Week, But Only 1 On TV | HuffPost Latest News",https://www.huffingtonpost.com/entry/texas-amanda-painter-mass-shooting_us_5b081ab4e4b0802d69caad89,,https://img.huffingtonpost.com/asset/5b0844b51a00002700cdfcb3.jpeg?ops=scalefit_1280_noupscale,
5,"There Were 2 Mass Shootings In Texas Last Week, But Only 1 On TV | HuffPost Latest News",https://www.huffingtonpost.com/entry/texas-amanda-painter-mass-shooting_us_5b081ab4e4b0802d69caad89,"Melissa Jeltsen - Senior Reporter, HuffPost",https://img.huffingtonpost.com/asset/5c1128ec2400002b055871f8.png?ops=100_100,
6,"There Were 2 Mass Shootings In Texas Last Week, But Only 1 On TV | HuffPost Latest News",https://www.huffingtonpost.com/entry/texas-amanda-painter-mass-shooting_us_5b081ab4e4b0802d69caad89,,https://img.huffingtonpost.com/asset/62ba7064250000df1232ece3.jpg?cache=NbOButE1s3&ops=434_244%2Cquality_75,
7,"There Were 2 Mass Shootings In Texas Last Week, But Only 1 On TV | HuffPost Latest News",https://www.huffingtonpost.com/entry/texas-amanda-painter-mass-shooting_us_5b081ab4e4b0802d69caad89,,https://img.huffingtonpost.com/asset/62ba7064250000df1232ece3.jpg?cache=NbOButE1s3&ops=240_240,
8,"There Were 2 Mass Shootings In Texas Last Week, But Only 1 On TV | HuffPost Latest News",https://www.huffingtonpost.com/entry/texas-amanda-painter-mass-shooting_us_5b081ab4e4b0802d69caad89,,https://img.huffingtonpost.com/asset/62ba64ff220000a5394f7d63.jpeg?cache=trUDr69X3G&ops=434_244%2Cquality_75,
9,"There Were 2 Mass Shootings In Texas Last Week, But Only 1 On TV | HuffPost Latest News",https://www.huffingtonpost.com/entry/texas-amanda-painter-mass-shooting_us_5b081ab4e4b0802d69caad89,,https://img.huffingtonpost.com/asset/62ba64ff220000a5394f7d63.jpeg?cache=trUDr69X3G&ops=240_240,
10,"There Were 2 Mass Shootings In Texas Last Week, But Only 1 On TV | HuffPost Latest News",https://www.huffingtonpost.com/entry/texas-amanda-painter-mass-shooting_us_5b081ab4e4b0802d69caad89,,https://img.huffingtonpost.com/asset/62ba2ade2500000745474b49.jpeg?cache=JK7QJsVY6k&ops=434_244%2Cquality_75,
11,"There Were 2 Mass Shootings In Texas Last Week, But Only 1 On TV | HuffPost Latest News",https://www.huffingtonpost.com/entry/texas-amanda-painter-mass-shooting_us_5b081ab4e4b0802d69caad89,,https://img.huffingtonpost.com/asset/62ba2ade2500000745474b49.jpeg?cache=JK7QJsVY6k&ops=240_240,
12,"There Were 2 Mass Shootings In Texas Last Week, But Only 1 On TV | HuffPost Latest News",https://www.huffingtonpost.com/entry/texas-amanda-painter-mass-shooting_us_5b081ab4e4b0802d69caad89,,https://img.huffingtonpost.com/asset/62ba3437210000744f5ee88e.jpeg?cache=22KCFmYY9t&ops=434_244%2Cquality_75,
13,"There Were 2 Mass Shootings In Texas Last Week, But Only 1 On TV | HuffPost Latest News",https://www.huffingtonpost.com/entry/texas-amanda-painter-mass-shooting_us_5b081ab4e4b0802d69caad89,,https://img.huffingtonpost.com/asset/62ba3437210000744f5ee88e.jpeg?cache=22KCFmYY9t&ops=240_240,
14,"There Were 2 Mass Shootings In Texas Last Week, But Only 1 On TV | HuffPost Latest News",https://www.huffingtonpost.com/entry/texas-amanda-painter-mass-shooting_us_5b081ab4e4b0802d69caad89,,https://img.huffingtonpost.com/asset/62b9f2fb2500001a4f32ec69.png?cache=tRLEw53JUw&ops=434_244%2Cquality_75,
15,"There Were 2 Mass Shootings In Texas Last Week, But Only 1 On TV | HuffPost Latest News",https://www.huffingtonpost.com/entry/texas-amanda-painter-mass-shooting_us_5b081ab4e4b0802d69caad89,,https://img.huffingtonpost.com/asset/62b9f2fb2500001a4f32ec69.png?cache=tRLEw53JUw&ops=240_240,
16,"There Were 2 Mass Shootings In Texas Last Week, But Only 1 On TV | HuffPost Latest News",https://www.huffingtonpost.com/entry/texas-amanda-painter-mass-shooting_us_5b081ab4e4b0802d69caad89,,https://img.huffingtonpost.com/asset/62b9e2a722000000434f7ce0.jpeg?cache=G7Jw0YAGq3&ops=434_244%2Cquality_75,
17,"There Were 2 Mass Shootings In Texas Last Week, But Only 1 On TV | HuffPost Latest News",https://www.huffingtonpost.com/entry/texas-amanda-painter-mass-shooting_us_5b081ab4e4b0802d69caad89,,https://img.huffingtonpost.com/asset/62b9e2a722000000434f7ce0.jpeg?cache=G7Jw0YAGq3&ops=240_240,
18,"There Were 2 Mass Shootings In Texas Last Week, But Only 1 On TV | HuffPost Latest News",https://www.huffingtonpost.com/entry/texas-amanda-painter-mass-shooting_us_5b081ab4e4b0802d69caad89,,https://img.huffingtonpost.com/asset/62b4a696250000803e32e7f8.jpeg?cache=z4cmrCkCZK&ops=434_244%2Cquality_75,
19,"There Were 2 Mass Shootings In Texas Last Week, But Only 1 On TV | HuffPost Latest News",https://www.huffingtonpost.com/entry/texas-amanda-painter-mass-shooting_us_5b081ab4e4b0802d69caad89,,https://img.huffingtonpost.com/asset/62b4a696250000803e32e7f8.jpeg?cache=z4cmrCkCZK&ops=240_240,
20,"There Were 2 Mass Shootings In Texas Last Week, But Only 1 On TV | HuffPost Latest News",https://www.huffingtonpost.com/entry/texas-amanda-painter-mass-shooting_us_5b081ab4e4b0802d69caad89,,https://img.huffingtonpost.com/asset/62b3838c220000a5394f7662.jpeg?ops=434_244%2Cquality_75,
21,"There Were 2 Mass Shootings In Texas Last Week, But Only 1 On TV | HuffPost Latest News",https://www.huffingtonpost.com/entry/texas-amanda-painter-mass-shooting_us_5b081ab4e4b0802d69caad89,,https://img.huffingtonpost.com/asset/62b3838c220000a5394f7662.jpeg?ops=240_240,
22,"There Were 2 Mass Shootings In Texas Last Week, But Only 1 On TV | HuffPost Latest News",https://www.huffingtonpost.com/entry/texas-amanda-painter-mass-shooting_us_5b081ab4e4b0802d69caad89,,https://img.huffingtonpost.com/asset/62b38589220000a0394f7663.png?cache=PpYjVbOR27&ops=434_244%2Cquality_75,
23,"There Were 2 Mass Shootings In Texas Last Week, But Only 1 On TV | HuffPost Latest News",https://www.huffingtonpost.com/entry/texas-amanda-painter-mass-shooting_us_5b081ab4e4b0802d69caad89,,https://img.huffingtonpost.com/asset/62b38589220000a0394f7663.png?cache=PpYjVbOR27&ops=240_240,
24,"There Were 2 Mass Shootings In Texas Last Week, But Only 1 On TV | HuffPost Latest News",https://www.huffingtonpost.com/entry/texas-amanda-painter-mass-shooting_us_5b081ab4e4b0802d69caad89,,https://img.huffingtonpost.com/asset/62b359a3250000e2324743ea.jpeg?cache=eqRV9PE3Cb&ops=434_244%2Cquality_75,
25,"There Were 2 Mass Shootings In Texas Last Week, But Only 1 On TV | HuffPost Latest News",https://www.huffingtonpost.com/entry/texas-amanda-painter-mass-shooting_us_5b081ab4e4b0802d69caad89,,https://img.huffingtonpost.com/asset/62b359a3250000e2324743ea.jpeg?cache=eqRV9PE3Cb&ops=240_240,
26,"There Were 2 Mass Shootings In Texas Last Week, But Only 1 On TV | HuffPost Latest News",https://www.huffingtonpost.com/entry/texas-amanda-painter-mass-shooting_us_5b081ab4e4b0802d69caad89,,https://img.huffingtonpost.com/asset/62b29e1d22000094224f752b.jpeg?cache=tIkcYasZEc&ops=434_244%2Cquality_75,
27,"There Were 2 Mass Shootings In Texas Last Week, But Only 1 On TV | HuffPost Latest News",https://www.huffingtonpost.com/entry/texas-amanda-painter-mass-shooting_us_5b081ab4e4b0802d69caad89,,https://img.huffingtonpost.com/asset/62b29e1d22000094224f752b.jpeg?cache=tIkcYasZEc&ops=240_240,
28,"There Were 2 Mass Shootings In Texas Last Week, But Only 1 On TV | HuffPost Latest News",https://www.huffingtonpost.com/entry/texas-amanda-painter-mass-shooting_us_5b081ab4e4b0802d69caad89,,https://img.huffingtonpost.com/asset/62b1cd67210000ae215edf3d.png?cache=Yx04mcIJGu&ops=434_244%2Cquality_75,
29,"There Were 2 Mass Shootings In Texas Last Week, But Only 1 On TV | HuffPost Latest News",https://www.huffingtonpost.com/entry/texas-amanda-painter-mass-shooting_us_5b081ab4e4b0802d69caad89,,https://img.huffingtonpost.com/asset/62b1cd67210000ae215edf3d.png?cache=Yx04mcIJGu&ops=240_240,
30,"There Were 2 Mass Shootings In Texas Last Week, But Only 1 On TV | HuffPost Latest News",https://www.huffingtonpost.com/entry/texas-amanda-painter-mass-shooting_us_5b081ab4e4b0802d69caad89,,https://img.huffingtonpost.com/asset/62ac7bb82100009c245edb84.jpeg?ops=434_244%2Cquality_75,
31,"There Were 2 Mass Shootings In Texas Last Week, But Only 1 On TV | HuffPost Latest News",https://www.huffingtonpost.com/entry/texas-amanda-painter-mass-shooting_us_5b081ab4e4b0802d69caad89,,https://img.huffingtonpost.com/asset/62ac7bb82100009c245edb84.jpeg?ops=240_240,
32,"There Were 2 Mass Shootings In Texas Last Week, But Only 1 On TV | HuffPost Latest News",https://www.huffingtonpost.com/entry/texas-amanda-painter-mass-shooting_us_5b081ab4e4b0802d69caad89,,https://img.huffingtonpost.com/asset/62ac3b96250000ee2232df7f.jpeg?cache=wcHIRR6gru&ops=434_244%2Cquality_75,
33,"There Were 2 Mass Shootings In Texas Last Week, But Only 1 On TV | HuffPost Latest News",https://www.huffingtonpost.com/entry/texas-amanda-painter-mass-shooting_us_5b081ab4e4b0802d69caad89,,https://img.huffingtonpost.com/asset/62ac3b96250000ee2232df7f.jpeg?cache=wcHIRR6gru&ops=240_240,
34,"There Were 2 Mass Shootings In Texas Last Week, But Only 1 On TV | HuffPost Latest News",https://www.huffingtonpost.com/entry/texas-amanda-painter-mass-shooting_us_5b081ab4e4b0802d69caad89,,https://img.huffingtonpost.com/asset/62ab430b250000d91232deb3.jpeg?cache=xXk833sEF6&ops=434_244%2Cquality_75,
35,"There Were 2 Mass Shootings In Texas Last Week, But Only 1 On TV | HuffPost Latest News",https://www.huffingtonpost.com/entry/texas-amanda-painter-mass-shooting_us_5b081ab4e4b0802d69caad89,,https://img.huffingtonpost.com/asset/62ab430b250000d91232deb3.jpeg?cache=xXk833sEF6&ops=240_240,
36,"There Were 2 Mass Shootings In Texas Last Week, But Only 1 On TV | HuffPost Latest News",https://www.huffingtonpost.com/entry/texas-amanda-painter-mass-shooting_us_5b081ab4e4b0802d69caad89,,https://img.huffingtonpost.com/asset/62aabc922500003517473c62.jpeg?cache=3cLwVryT40&ops=434_244%2Cquality_75,
37,"There Were 2 Mass Shootings In Texas Last Week, But Only 1 On TV | HuffPost Latest News",https://www.huffingtonpost.com/entry/texas-amanda-painter-mass-shooting_us_5b081ab4e4b0802d69caad89,,https://img.huffingtonpost.com/asset/62aabc922500003517473c62.jpeg?cache=3cLwVryT40&ops=240_240,
38,"There Were 2 Mass Shootings In Texas Last Week, But Only 1 On TV | HuffPost Latest News",https://www.huffingtonpost.com/entry/texas-amanda-painter-mass-shooting_us_5b081ab4e4b0802d69caad89,,https://img.huffingtonpost.com/asset/62aa2b35250000d221473c0e.jpeg?cache=cZll2VcjOB&ops=434_244%2Cquality_75,
39,"There Were 2 Mass Shootings In Texas Last Week, But Only 1 On TV | HuffPost Latest News",https://www.huffingtonpost.com/entry/texas-amanda-painter-mass-shooting_us_5b081ab4e4b0802d69caad89,,https://img.huffingtonpost.com/asset/62aa2b35250000d221473c0e.jpeg?cache=cZll2VcjOB&ops=240_240,
40,"There Were 2 Mass Shootings In Texas Last Week, But Only 1 On TV | HuffPost Latest News",https://www.huffingtonpost.com/entry/texas-amanda-painter-mass-shooting_us_5b081ab4e4b0802d69caad89,,https://img.huffingtonpost.com/asset/62a9f813210000af215ed8de.jpeg?ops=434_244%2Cquality_75,
41,"There Were 2 Mass Shootings In Texas Last Week, But Only 1 On TV | HuffPost Latest News",https://www.huffingtonpost.com/entry/texas-amanda-painter-mass-shooting_us_5b081ab4e4b0802d69caad89,,https://img.huffingtonpost.com/asset/62a9f813210000af215ed8de.jpeg?ops=240_240,
42,"There Were 2 Mass Shootings In Texas Last Week, But Only 1 On TV | HuffPost Latest News",https://www.huffingtonpost.com/entry/texas-amanda-painter-mass-shooting_us_5b081ab4e4b0802d69caad89,,https://img.huffingtonpost.com/asset/62a7ccae250000e21232daa5.jpeg?cache=OQ7fcQqjd3&ops=434_244%2Cquality_75,
43,"There Were 2 Mass Shootings In Texas Last Week, But Only 1 On TV | HuffPost Latest News",https://www.huffingtonpost.com/entry/texas-amanda-painter-mass-shooting_us_5b081ab4e4b0802d69caad89,,https://img.huffingtonpost.com/asset/62a7ccae250000e21232daa5.jpeg?cache=OQ7fcQqjd3&ops=240_240,
44,"There Were 2 Mass Shootings In Texas Last Week, But Only 1 On TV | HuffPost Latest News",https://www.huffingtonpost.com/entry/texas-amanda-painter-mass-shooting_us_5b081ab4e4b0802d69caad89,,https://img.huffingtonpost.com/asset/62a7aa93250000cc214738fc.jpeg?ops=434_244%2Cquality_75,
45,"There Were 2 Mass Shootings In Texas Last Week, But Only 1 On TV | HuffPost Latest News",https://www.huffingtonpost.com/entry/texas-amanda-painter-mass-shooting_us_5b081ab4e4b0802d69caad89,,https://img.huffingtonpost.com/asset/62a7aa93250000cc214738fc.jpeg?ops=240_240,
46,"There Were 2 Mass Shootings In Texas Last Week, But Only 1 On TV | HuffPost Latest News",https://www.huffingtonpost.com/entry/texas-amanda-painter-mass-shooting_us_5b081ab4e4b0802d69caad89,,https://img.huffingtonpost.com/asset/62a7773f210000a3215ed5c5.jpeg?cache=AyxJlyAIfZ&ops=434_244%2Cquality_75,
47,"There Were 2 Mass Shootings In Texas Last Week, But Only 1 On TV | HuffPost Latest News",https://www.huffingtonpost.com/entry/texas-amanda-painter-mass-shooting_us_5b081ab4e4b0802d69caad89,,https://img.huffingtonpost.com/asset/62a7773f210000a3215ed5c5.jpeg?cache=AyxJlyAIfZ&ops=240_240,
48,"There Were 2 Mass Shootings In Texas Last Week, But Only 1 On TV | HuffPost Latest News",https://www.huffingtonpost.com/entry/texas-amanda-painter-mass-shooting_us_5b081ab4e4b0802d69caad89,,https://img.huffingtonpost.com/asset/62a6c7be22000003194f69e9.jpeg?cache=9tXAaHlMWc&ops=434_244%2Cquality_75,
49,"There Were 2 Mass Shootings In Texas Last Week, But Only 1 On TV | HuffPost Latest News",https://www.huffingtonpost.com/entry/texas-amanda-painter-mass-shooting_us_5b081ab4e4b0802d69caad89,,https://img.huffingtonpost.com/asset/62a6c7be22000003194f69e9.jpeg?cache=9tXAaHlMWc&ops=240_240,
50,"There Were 2 Mass Shootings In Texas Last Week, But Only 1 On TV | HuffPost Latest News",https://www.huffingtonpost.com/entry/texas-amanda-painter-mass-shooting_us_5b081ab4e4b0802d69caad89,,https://img.huffingtonpost.com/asset/62a5002f210000ca105ed42e.jpeg?cache=FVHYbUCc3b&ops=434_244%2Cquality_75,
51,"There Were 2 Mass Shootings In Texas Last Week, But Only 1 On TV | HuffPost Latest News",https://www.huffingtonpost.com/entry/texas-amanda-painter-mass-shooting_us_5b081ab4e4b0802d69caad89,,https://img.huffingtonpost.com/asset/62a5002f210000ca105ed42e.jpeg?cache=FVHYbUCc3b&ops=240_240,
52,"There Were 2 Mass Shootings In Texas Last Week, But Only 1 On TV | HuffPost Latest News",https://www.huffingtonpost.com/entry/texas-amanda-painter-mass-shooting_us_5b081ab4e4b0802d69caad89,,https://img.huffingtonpost.com/asset/625732ca23000010d1139ae4.png?cache=OKG82ty2Te&ops=434_244%2Cquality_75,
53,"There Were 2 Mass Shootings In Texas Last Week, But Only 1 On TV | HuffPost Latest News",https://www.huffingtonpost.com/entry/texas-amanda-painter-mass-shooting_us_5b081ab4e4b0802d69caad89,,https://img.huffingtonpost.com/asset/625732ca23000010d1139ae4.png?cache=OKG82ty2Te&ops=240_240,
54,"There Were 2 Mass Shootings In Texas Last Week, But Only 1 On TV | HuffPost Latest News",https://www.huffingtonpost.com/entry/texas-amanda-painter-mass-shooting_us_5b081ab4e4b0802d69caad89,,https://img.huffingtonpost.com/asset/62a241d122000027114f66ed.jpeg?ops=434_244%2Cquality_75,
55,"There Were 2 Mass Shootings In Texas Last Week, But Only 1 On TV | HuffPost Latest News",https://www.huffingtonpost.com/entry/texas-amanda-painter-mass-shooting_us_5b081ab4e4b0802d69caad89,,https://img.huffingtonpost.com/asset/62a241d122000027114f66ed.jpeg?ops=240_240,
56,"There Were 2 Mass Shootings In Texas Last Week, But Only 1 On TV | HuffPost Latest News",https://www.huffingtonpost.com/entry/texas-amanda-painter-mass-shooting_us_5b081ab4e4b0802d69caad89,,https://img.huffingtonpost.com/asset/62a0ebf6250000900f473366.jpeg?ops=434_244%2Cquality_75,
57,"There Were 2 Mass Shootings In Texas Last Week, But Only 1 On TV | HuffPost Latest News",https://www.huffingtonpost.com/entry/texas-amanda-painter-mass-shooting_us_5b081ab4e4b0802d69caad89,,https://img.huffingtonpost.com/asset/62a0ebf6250000900f473366.jpeg?ops=240_240,
58,"There Were 2 Mass Shootings In Texas Last Week, But Only 1 On TV | HuffPost Latest News",https://www.huffingtonpost.com/entry/texas-amanda-painter-mass-shooting_us_5b081ab4e4b0802d69caad89,,https://img.huffingtonpost.com/asset/62a0c29e2200001d114f64fc.jpeg?cache=WVxFl3wsW0&ops=434_244%2Cquality_75,
59,"There Were 2 Mass Shootings In Texas Last Week, But Only 1 On TV | HuffPost Latest News",https://www.huffingtonpost.com/entry/texas-amanda-painter-mass-shooting_us_5b081ab4e4b0802d69caad89,,https://img.huffingtonpost.com/asset/62a0c29e2200001d114f64fc.jpeg?cache=WVxFl3wsW0&ops=240_240,
60,"There Were 2 Mass Shootings In Texas Last Week, But Only 1 On TV | HuffPost Latest News",https://www.huffingtonpost.com/entry/texas-amanda-painter-mass-shooting_us_5b081ab4e4b0802d69caad89,,https://img.huffingtonpost.com/asset/628f994726000089518a954b.png?cache=IFWOyvwOTg&ops=434_244%2Cquality_75,
61,"There Were 2 Mass Shootings In Texas Last Week, But Only 1 On TV | HuffPost Latest News",https://www.huffingtonpost.com/entry/texas-amanda-painter-mass-shooting_us_5b081ab4e4b0802d69caad89,,https://img.huffingtonpost.com/asset/628f994726000089518a954b.png?cache=IFWOyvwOTg&ops=240_240,
62,"There Were 2 Mass Shootings In Texas Last Week, But Only 1 On TV | HuffPost Latest News",https://www.huffingtonpost.com/entry/texas-amanda-painter-mass-shooting_us_5b081ab4e4b0802d69caad89,,https://img.huffingtonpost.com/asset/629e45f4250000b00432d257.jpeg?ops=434_244%2Cquality_75,
63,"There Were 2 Mass Shootings In Texas Last Week, But Only 1 On TV | HuffPost Latest News",https://www.huffingtonpost.com/entry/texas-amanda-painter-mass-shooting_us_5b081ab4e4b0802d69caad89,,https://img.huffingtonpost.com/asset/629e45f4250000b00432d257.jpeg?ops=240_240,
64,"There Were 2 Mass Shootings In Texas Last Week, But Only 1 On TV | HuffPost Latest News",https://www.huffingtonpost.com/entry/texas-amanda-painter-mass-shooting_us_5b081ab4e4b0802d69caad89,,https://img.huffingtonpost.com/asset/629e3a27210000ba035ecdc4.jpeg?cache=DMG9xqtV6L&ops=434_244%2Cquality_75,
65,"There Were 2 Mass Shootings In Texas Last Week, But Only 1 On TV | HuffPost Latest News",https://www.huffingtonpost.com/entry/texas-amanda-painter-mass-shooting_us_5b081ab4e4b0802d69caad89,,https://img.huffingtonpost.com/asset/629e3a27210000ba035ecdc4.jpeg?cache=DMG9xqtV6L&ops=240_240,
66,"There Were 2 Mass Shootings In Texas Last Week, But Only 1 On TV | HuffPost Latest News",https://www.huffingtonpost.com/entry/texas-amanda-painter-mass-shooting_us_5b081ab4e4b0802d69caad89,,https://img.huffingtonpost.com/asset/629cee4021000037005ecca6.jpeg?ops=434_244%2Cquality_75,
67,"There Were 2 Mass Shootings In Texas Last Week, But Only 1 On TV | HuffPost Latest News",https://www.huffingtonpost.com/entry/texas-amanda-painter-mass-shooting_us_5b081ab4e4b0802d69caad89,,https://img.huffingtonpost.com/asset/629cee4021000037005ecca6.jpeg?ops=240_240,
68,"There Were 2 Mass Shootings In Texas Last Week, But Only 1 On TV | HuffPost Latest News",https://www.huffingtonpost.com/entry/texas-amanda-painter-mass-shooting_us_5b081ab4e4b0802d69caad89,,https://img.huffingtonpost.com/asset/629cdfb22500004803472f34.jpeg?cache=mUnBIzbs9p&ops=434_244%2Cquality_75,
69,"There Were 2 Mass Shootings In Texas Last Week, But Only 1 On TV | HuffPost Latest News",https://www.huffingtonpost.com/entry/texas-amanda-painter-mass-shooting_us_5b081ab4e4b0802d69caad89,,https://img.huffingtonpost.com/asset/629cdfb22500004803472f34.jpeg?cache=mUnBIzbs9p&ops=240_240,
70,"There Were 2 Mass Shootings In Texas Last Week, But Only 1 On TV | HuffPost Latest News",https://www.huffingtonpost.com/entry/texas-amanda-painter-mass-shooting_us_5b081ab4e4b0802d69caad89,,https://img.huffingtonpost.com/asset/629ca51d2500006b0032d112.jpeg?cache=GecolkDExc&ops=434_244%2Cquality_75,
71,"There Were 2 Mass Shootings In Texas Last Week, But Only 1 On TV | HuffPost Latest News",https://www.huffingtonpost.com/entry/texas-amanda-painter-mass-shooting_us_5b081ab4e4b0802d69caad89,,https://img.huffingtonpost.com/asset/629ca51d2500006b0032d112.jpeg?cache=GecolkDExc&ops=240_240,
72,"There Were 2 Mass Shootings In Texas Last Week, But Only 1 On TV | HuffPost Latest News",https://www.huffingtonpost.com/entry/texas-amanda-painter-mass-shooting_us_5b081ab4e4b0802d69caad89,,https://img.huffingtonpost.com/asset/629a8ffc2200006e034f6079.jpeg?cache=buHbX5Ionj&ops=434_244%2Cquality_75,
73,"There Were 2 Mass Shootings In Texas Last Week, But Only 1 On TV | HuffPost Latest News",https://www.huffingtonpost.com/entry/texas-amanda-painter-mass-shooting_us_5b081ab4e4b0802d69caad89,,https://img.huffingtonpost.com/asset/629a8ffc2200006e034f6079.jpeg?cache=buHbX5Ionj&ops=240_240,
74,"There Were 2 Mass Shootings In Texas Last Week, But Only 1 On TV | HuffPost Latest News",https://www.huffingtonpost.com/entry/texas-amanda-painter-mass-shooting_us_5b081ab4e4b0802d69caad89,,https://img.huffingtonpost.com/asset/6299a1332100002e005ecabc.jpeg?cache=ZV1afsTZaJ&ops=434_244%2Cquality_75,
75,"There Were 2 Mass Shootings In Texas Last Week, But Only 1 On TV | HuffPost Latest News",https://www.huffingtonpost.com/entry/texas-amanda-painter-mass-shooting_us_5b081ab4e4b0802d69caad89,,https://img.huffingtonpost.com/asset/6299a1332100002e005ecabc.jpeg?cache=ZV1afsTZaJ&ops=240_240,
76,"There Were 2 Mass Shootings In Texas Last Week, But Only 1 On TV | HuffPost Latest News",https://www.huffingtonpost.com/entry/texas-amanda-painter-mass-shooting_us_5b081ab4e4b0802d69caad89,,https://img.huffingtonpost.com/asset/62995c772100005c005eca86.png?cache=zE89HLfDL8&ops=434_244%2Cquality_75,
77,"There Were 2 Mass Shootings In Texas Last Week, But Only 1 On TV | HuffPost Latest News",https://www.huffingtonpost.com/entry/texas-amanda-painter-mass-shooting_us_5b081ab4e4b0802d69caad89,,https://img.huffingtonpost.com/asset/62995c772100005c005eca86.png?cache=zE89HLfDL8&ops=240_240,
78,"There Were 2 Mass Shootings In Texas Last Week, But Only 1 On TV | HuffPost Latest News",https://www.huffingtonpost.com/entry/texas-amanda-painter-mass-shooting_us_5b081ab4e4b0802d69caad89,,https://img.huffingtonpost.com/asset/629944432500006b00472d21.jpeg?cache=J8MKTiGiyC&ops=434_244%2Cquality_75,
79,"There Were 2 Mass Shootings In Texas Last Week, But Only 1 On TV | HuffPost Latest News",https://www.huffingtonpost.com/entry/texas-amanda-painter-mass-shooting_us_5b081ab4e4b0802d69caad89,,https://img.huffingtonpost.com/asset/629944432500006b00472d21.jpeg?cache=J8MKTiGiyC&ops=240_240,
80,"There Were 2 Mass Shootings In Texas Last Week, But Only 1 On TV | HuffPost Latest News",https://www.huffingtonpost.com/entry/texas-amanda-painter-mass-shooting_us_5b081ab4e4b0802d69caad89,,https://img.huffingtonpost.com/asset/629912b12500003500472d04.jpeg?cache=dnco0cbxus&ops=434_244%2Cquality_75,
81,"There Were 2 Mass Shootings In Texas Last Week, But Only 1 On TV | HuffPost Latest News",https://www.huffingtonpost.com/entry/texas-amanda-painter-mass-shooting_us_5b081ab4e4b0802d69caad89,,https://img.huffingtonpost.com/asset/629912b12500003500472d04.jpeg?cache=dnco0cbxus&ops=240_240,
82,"There Were 2 Mass Shootings In Texas Last Week, But Only 1 On TV | HuffPost Latest News",https://www.huffingtonpost.com/entry/texas-amanda-painter-mass-shooting_us_5b081ab4e4b0802d69caad89,,https://img.huffingtonpost.com/asset/6298be8321000030005ec9cc.jpeg?cache=3pQ9tJezjW&ops=434_244%2Cquality_75,
83,"There Were 2 Mass Shootings In Texas Last Week, But Only 1 On TV | HuffPost Latest News",https://www.huffingtonpost.com/entry/texas-amanda-painter-mass-shooting_us_5b081ab4e4b0802d69caad89,,https://img.huffingtonpost.com/asset/6298be8321000030005ec9cc.jpeg?cache=3pQ9tJezjW&ops=240_240,
84,"There Were 2 Mass Shootings In Texas Last Week, But Only 1 On TV | HuffPost Latest News",https://www.huffingtonpost.com/entry/texas-amanda-painter-mass-shooting_us_5b081ab4e4b0802d69caad89,,https://img.huffingtonpost.com/asset/6298f8e72100002e005eca4d.jpeg?cache=MBAiagEFR3&ops=434_244%2Cquality_75,
85,"There Were 2 Mass Shootings In Texas Last Week, But Only 1 On TV | HuffPost Latest News",https://www.huffingtonpost.com/entry/texas-amanda-painter-mass-shooting_us_5b081ab4e4b0802d69caad89,,https://img.huffingtonpost.com/asset/6298f8e72100002e005eca4d.jpeg?cache=MBAiagEFR3&ops=240_240,
86,"There Were 2 Mass Shootings In Texas Last Week, But Only 1 On TV | HuffPost Latest News",https://www.huffingtonpost.com/entry/texas-amanda-painter-mass-shooting_us_5b081ab4e4b0802d69caad89,,https://img.huffingtonpost.com/asset/6298d9942500003400472cca.jpeg?cache=OkaARvBMyM&ops=434_244%2Cquality_75,
87,"There Were 2 Mass Shootings In Texas Last Week, But Only 1 On TV | HuffPost Latest News",https://www.huffingtonpost.com/entry/texas-amanda-painter-mass-shooting_us_5b081ab4e4b0802d69caad89,,https://img.huffingtonpost.com/asset/6298d9942500003400472cca.jpeg?cache=OkaARvBMyM&ops=240_240,
88,"There Were 2 Mass Shootings In Texas Last Week, But Only 1 On TV | HuffPost Latest News",https://www.huffingtonpost.com/entry/texas-amanda-painter-mass-shooting_us_5b081ab4e4b0802d69caad89,,https://img.huffingtonpost.com/asset/6298761e260000096b8a9d34.jpeg?cache=fnTcGoXsj8&ops=434_244%2Cquality_75,
89,"There Were 2 Mass Shootings In Texas Last Week, But Only 1 On TV | HuffPost Latest News",https://www.huffingtonpost.com/entry/texas-amanda-painter-mass-shooting_us_5b081ab4e4b0802d69caad89,,https://img.huffingtonpost.com/asset/6298761e260000096b8a9d34.jpeg?cache=fnTcGoXsj8&ops=240_240,
90,"There Were 2 Mass Shootings In Texas Last Week, But Only 1 On TV | HuffPost Latest News",https://www.huffingtonpost.com/entry/texas-amanda-painter-mass-shooting_us_5b081ab4e4b0802d69caad89,,https://img.huffingtonpost.com/asset/6297f174230000e99413d2ae.jpeg?cache=FEk6LneZt5&ops=434_244%2Cquality_75,
91,"There Were 2 Mass Shootings In Texas Last Week, But Only 1 On TV | HuffPost Latest News",https://www.huffingtonpost.com/entry/texas-amanda-painter-mass-shooting_us_5b081ab4e4b0802d69caad89,,https://img.huffingtonpost.com/asset/6297f174230000e99413d2ae.jpeg?cache=FEk6LneZt5&ops=240_240,
92,"There Were 2 Mass Shootings In Texas Last Week, But Only 1 On TV | HuffPost Latest News",https://www.huffingtonpost.com/entry/texas-amanda-painter-mass-shooting_us_5b081ab4e4b0802d69caad89,,https://img.huffingtonpost.com/asset/6297c7f221000088fa5096f2.png?cache=SGk4kOpG3K&ops=434_244%2Cquality_75,
93,"There Were 2 Mass Shootings In Texas Last Week, But Only 1 On TV | HuffPost Latest News",https://www.huffingtonpost.com/entry/texas-amanda-painter-mass-shooting_us_5b081ab4e4b0802d69caad89,,https://img.huffingtonpost.com/asset/6297c7f221000088fa5096f2.png?cache=SGk4kOpG3K&ops=240_240,
94,"There Were 2 Mass Shootings In Texas Last Week, But Only 1 On TV | HuffPost Latest News",https://www.huffingtonpost.com/entry/texas-amanda-painter-mass-shooting_us_5b081ab4e4b0802d69caad89,,https://sb.scorecardresearch.com/p?c1=2&c2=6723616&c3=&c4=&c5=&c6=&c15=&cj=1,
95,"There Were 2 Mass Shootings In Texas Last Week, But Only 1 On TV | HuffPost Latest News",https://www.huffingtonpost.com/entry/texas-amanda-painter-mass-shooting_us_5b081ab4e4b0802d69caad89,,https://www.facebook.com/tr?id=1621685564716533&ev=PageView&noscript=1,
96,"There Were 2 Mass Shootings In Texas Last Week, But Only 1 On TV | HuffPost Latest News",https://www.huffingtonpost.com/entry/texas-amanda-painter-mass-shooting_us_5b081ab4e4b0802d69caad89,Quantcast,//pixel.quantserve.com/pixel/p-3aud4J6uA4Z6Y.gif,
